model,version,method,seq_len,label_len,pred_len,mae,mse
small,1,finetune,30,,5,0.0184337944531556,0.0069751300751911
small,1,finetune,30,,5,0.0180680661425503,0.006807949791254
small,1,finetune,30,,5,0.026480112567662,0.0111903016088178
small,1,finetune,30,,5,0.0218689434420411,0.0088106846171922
small,1,finetune,30,,5,0.023285855570896,0.0093343251173345
small,1,finetune,30,,5,0.0208136687510475,0.0083113734740165
small,1,finetune,30,,5,0.027532491553343343,0.012273237397530957
